{"cameraMode":{"drawMode":0,"name":"Shaded","section":"Shading Mode"},"sceneLighting":true,"audioPlay":false,"sceneViewState":{"showFog":true,"showMaterialUpdate":false,"showSkybox":true,"showFlares":true,"showImageEffects":true,"showParticleSystems":true},"in2DMode":false,"pivot":{"x":-5.2785234451293949,"y":12.215888977050782,"z":-22.494735717773439},"rotation":{"x":-0.29099127650260928,"y":-0.21515703201293946,"z":0.06733744591474533,"w":-0.9297853112220764},"size":8.952274322509766,"orthographic":false}